Year,CountryCode,ISOCode,TotalEntries,GoldMedals,SilverMedals,BronzeMedals,TotalMedals
1980,AFG,AFG,11,0,0,0,0
1988,AFG,AFG,5,0,0,0,0
1996,AFG,AFG,2,0,0,0,0
2004,AFG,AFG,5,0,0,0,0
2008,AFG,AFG,4,0,0,1,1
2012,AFG,AFG,6,0,0,1,1
2016,AFG,AFG,3,0,0,0,0
1976,AHO,ANT,4,0,0,0,0
1984,AHO,ANT,12,0,0,0,0
1988,AHO,ANT,4,0,1,0,1
1992,AHO,ANT,4,0,0,0,0
1996,AHO,ANT,7,0,0,0,0
2000,AHO,ANT,8,0,0,0,0
2004,AHO,ANT,3,0,0,0,0
2008,AHO,ANT,4,0,0,0,0
1992,ALB,ALB,9,0,0,0,0
1996,ALB,ALB,9,0,0,0,0
2000,ALB,ALB,5,0,0,0,0
2004,ALB,ALB,7,0,0,0,0
2008,ALB,ALB,12,0,0,0,0
2012,ALB,ALB,10,0,0,0,0
2016,ALB,ALB,6,0,0,0,0
1980,ALG,DZA,34,0,0,0,0
1984,ALG,DZA,19,0,0,2,2
1988,ALG,DZA,32,0,0,0,0
1992,ALG,DZA,27,1,0,1,2
1996,ALG,DZA,32,2,0,1,3
2000,ALG,DZA,47,1,1,3,5
2004,ALG,DZA,67,0,0,0,0
2008,ALG,DZA,47,0,1,1,2
2012,ALG,DZA,29,1,0,0,1
2016,ALG,DZA,57,0,2,0,2
1976,AND,AND,3,0,0,0,0
1980,AND,AND,2,0,0,0,0
1984,AND,AND,2,0,0,0,0
1988,AND,AND,4,0,0,0,0
1992,AND,AND,7,0,0,0,0
1996,AND,AND,7,0,0,0,0
2000,AND,AND,5,0,0,0,0
2004,AND,AND,6,0,0,0,0
2008,AND,AND,5,0,0,0,0
2012,AND,AND,6,0,0,0,0
2016,AND,AND,4,0,0,0,0
1980,ANG,AGO,14,0,0,0,0
1988,ANG,AGO,33,0,0,0,0
1992,ANG,AGO,21,0,0,0,0
1996,ANG,AGO,8,0,0,0,0
2000,ANG,AGO,7,0,0,0,0
2004,ANG,AGO,5,0,0,0,0
2008,ANG,AGO,8,0,0,0,0
2012,ANG,AGO,10,0,0,0,0
2016,ANG,AGO,10,0,0,0,0
1976,ANT,ATG,11,0,0,0,0
1984,ANT,ATG,18,0,0,0,0
1988,ANT,ATG,19,0,0,0,0
1992,ANT,ATG,17,0,0,0,0
1996,ANT,ATG,9,0,0,0,0
2000,ANT,ATG,4,0,0,0,0
2004,ANT,ATG,5,0,0,0,0
2008,ANT,ATG,5,0,0,0,0
2012,ANT,ATG,4,0,0,0,0
2016,ANT,ATG,6,0,0,0,0
1976,ARG,ARG,64,0,0,0,0
1984,ARG,ARG,83,0,0,0,0
1988,ARG,ARG,60,0,1,1,2
1992,ARG,ARG,81,0,0,1,1
1996,ARG,ARG,117,0,2,1,3
2000,ARG,ARG,104,0,2,2,4
2004,ARG,ARG,98,2,0,4,6
2008,ARG,ARG,80,2,0,4,6
2012,ARG,ARG,71,1,1,2,4
2016,ARG,ARG,98,3,1,0,4
1996,ARM,ARM,38,1,1,0,2
2000,ARM,ARM,26,0,0,1,1
2004,ARM,ARM,19,0,0,0,0
2008,ARM,ARM,26,0,0,6,6
2012,ARM,ARM,31,0,1,2,3
2016,ARM,ARM,34,1,3,0,4
1988,ARU,ABW,11,0,0,0,0
1992,ARU,ABW,5,0,0,0,0
1996,ARU,ABW,3,0,0,0,0
2000,ARU,ABW,5,0,0,0,0
2004,ARU,ABW,4,0,0,0,0
2008,ARU,ABW,2,0,0,0,0
2012,ARU,ABW,4,0,0,0,0
2016,ARU,ABW,6,0,0,0,0
1988,ASA,ASM,6,0,0,0,0
1992,ASA,ASM,3,0,0,0,0
1996,ASA,ASM,6,0,0,0,0
2000,ASA,ASM,4,0,0,0,0
2004,ASA,ASM,3,0,0,0,0
2008,ASA,ASM,4,0,0,0,0
2012,ASA,ASM,4,0,0,0,0
2016,ASA,ASM,4,0,0,0,0
1976,AUS,AUS,185,0,1,4,5
1980,AUS,AUS,132,2,2,5,9
1984,AUS,AUS,205,4,8,12,24
1988,AUS,AUS,205,3,6,5,14
1992,AUS,AUS,238,7,9,11,27
1996,AUS,AUS,332,9,9,23,41
2000,AUS,AUS,442,16,25,17,58
2004,AUS,AUS,327,17,16,17,50
2008,AUS,AUS,330,14,15,17,46
2012,AUS,AUS,298,8,16,12,36
2016,AUS,AUS,300,8,12,10,30
1976,AUT,AUT,57,0,0,1,1
1980,AUT,AUT,65,1,2,1,4
1984,AUT,AUT,95,1,1,1,3
1988,AUT,AUT,80,1,0,0,1
1992,AUT,AUT,87,0,2,0,2
1996,AUT,AUT,73,0,1,2,3
2000,AUT,AUT,85,2,1,0,3
2004,AUT,AUT,76,2,4,1,7
2008,AUT,AUT,76,0,1,2,3
2012,AUT,AUT,76,0,0,0,0
2016,AUT,AUT,72,0,0,1,1
1996,AZE,AZE,24,0,1,0,1
2000,AZE,AZE,32,2,0,1,3
2004,AZE,AZE,37,1,0,4,5
2008,AZE,AZE,39,1,2,4,7
2012,AZE,AZE,58,2,2,6,10
2016,AZE,AZE,68,1,7,10,18
1976,BAH,BHS,16,0,0,0,0
1984,BAH,BHS,27,0,0,0,0
1988,BAH,BHS,17,0,0,0,0
1992,BAH,BHS,16,0,0,1,1
1996,BAH,BHS,22,0,1,0,1
2000,BAH,BHS,27,2,0,1,3
2004,BAH,BHS,20,1,0,1,2
2008,BAH,BHS,27,0,1,1,2
2012,BAH,BHS,23,1,0,0,1
2016,BAH,BHS,31,1,0,1,2
1984,BAN,BGD,2,0,0,0,0
1988,BAN,BGD,8,0,0,0,0
1992,BAN,BGD,6,0,0,0,0
1996,BAN,BGD,4,0,0,0,0
2000,BAN,BGD,6,0,0,0,0
2004,BAN,BGD,4,0,0,0,0
2008,BAN,BGD,5,0,0,0,0
2012,BAN,BGD,7,0,0,0,0
2016,BAN,BGD,7,0,0,0,0
1976,BAR,BRB,11,0,0,0,0
1984,BAR,BRB,18,0,0,0,0
1988,BAR,BRB,22,0,0,0,0
1992,BAR,BRB,17,0,0,0,0
1996,BAR,BRB,22,0,0,0,0
2000,BAR,BRB,22,0,0,1,1
2004,BAR,BRB,15,0,0,0,0
2008,BAR,BRB,10,0,0,0,0
2012,BAR,BRB,8,0,0,0,0
2016,BAR,BRB,13,0,0,0,0
1996,BDI,BDI,7,1,0,0,1
2000,BDI,BDI,6,0,0,0,0
2004,BDI,BDI,7,0,0,0,0
2008,BDI,BDI,3,0,0,0,0
2012,BDI,BDI,6,0,0,0,0
2016,BDI,BDI,10,0,1,0,1
1976,BEL,BEL,109,0,3,3,6
1980,BEL,BEL,67,1,0,0,1
1984,BEL,BEL,71,1,1,2,4
1988,BEL,BEL,79,0,0,2,2
1992,BEL,BEL,85,0,1,2,3
1996,BEL,BEL,73,2,2,2,6
2000,BEL,BEL,76,0,2,3,5
2004,BEL,BEL,56,1,0,2,3
2008,BEL,BEL,67,1,1,0,2
2012,BEL,BEL,90,0,1,2,3
2016,BEL,BEL,107,2,2,2,6
1980,BEN,BEN,17,0,0,0,0
1984,BEN,BEN,3,0,0,0,0
1988,BEN,BEN,7,0,0,0,0
1992,BEN,BEN,7,0,0,0,0
1996,BEN,BEN,4,0,0,0,0
2000,BEN,BEN,4,0,0,0,0
2004,BEN,BEN,4,0,0,0,0
2008,BEN,BEN,5,0,0,0,0
2012,BEN,BEN,5,0,0,0,0
2016,BEN,BEN,6,0,0,0,0
1976,BER,BMU,14,0,0,1,1
1984,BER,BMU,12,0,0,0,0
1988,BER,BMU,13,0,0,0,0
1992,BER,BMU,23,0,0,0,0
1996,BER,BMU,9,0,0,0,0
2000,BER,BMU,6,0,0,0,0
2004,BER,BMU,7,0,0,0,0
2008,BER,BMU,6,0,0,0,0
2012,BER,BMU,8,0,0,0,0
2016,BER,BMU,8,0,0,0,0
1984,BHU,BTN,6,0,0,0,0
1988,BHU,BTN,4,0,0,0,0
1992,BHU,BTN,8,0,0,0,0
1996,BHU,BTN,2,0,0,0,0
2000,BHU,BTN,2,0,0,0,0
2004,BHU,BTN,2,0,0,0,0
2008,BHU,BTN,2,0,0,0,0
2012,BHU,BTN,2,0,0,0,0
2016,BHU,BTN,2,0,0,0,0
1992,BIH,BIH,13,0,0,0,0
1996,BIH,BIH,12,0,0,0,0
2000,BIH,BIH,11,0,0,0,0
2004,BIH,BIH,11,0,0,0,0
2008,BIH,BIH,7,0,0,0,0
2012,BIH,BIH,8,0,0,0,0
2016,BIH,BIH,11,0,0,0,0
1976,BIZ,BLZ,4,0,0,0,0
1984,BIZ,BLZ,10,0,0,0,0
1988,BIZ,BLZ,10,0,0,0,0
1992,BIZ,BLZ,12,0,0,0,0
1996,BIZ,BLZ,5,0,0,0,0
2000,BIZ,BLZ,2,0,0,0,0
2004,BIZ,BLZ,2,0,0,0,0
2008,BIZ,BLZ,4,0,0,0,0
2012,BIZ,BLZ,3,0,0,0,0
2016,BIZ,BLZ,3,0,0,0,0
1996,BLR,BLR,217,1,6,8,15
2000,BLR,BLR,187,3,3,11,17
2004,BLR,BLR,159,2,5,6,13
2008,BLR,BLR,186,4,5,9,18
2012,BLR,BLR,140,2,5,5,12
2016,BLR,BLR,118,1,4,4,9
1976,BOL,BOL,5,0,0,0,0
1984,BOL,BOL,13,0,0,0,0
1988,BOL,BOL,12,0,0,0,0
1992,BOL,BOL,18,0,0,0,0
1996,BOL,BOL,9,0,0,0,0
2000,BOL,BOL,5,0,0,0,0
2004,BOL,BOL,11,0,0,0,0
2008,BOL,BOL,7,0,0,0,0
2012,BOL,BOL,5,0,0,0,0
2016,BOL,BOL,12,0,0,0,0
1980,BOT,BWA,8,0,0,0,0
1984,BOT,BWA,8,0,0,0,0
1988,BOT,BWA,8,0,0,0,0
1992,BOT,BWA,6,0,0,0,0
1996,BOT,BWA,4,0,0,0,0
2000,BOT,BWA,5,0,0,0,0
2004,BOT,BWA,8,0,0,0,0
2008,BOT,BWA,11,0,0,0,0
2012,BOT,BWA,4,0,1,0,1
2016,BOT,BWA,11,0,0,0,0
1976,BRA,BRA,54,0,0,2,2
1980,BRA,BRA,88,2,0,2,4
1984,BRA,BRA,100,1,5,2,8
1988,BRA,BRA,141,1,2,3,6
1992,BRA,BRA,140,2,1,0,3
1996,BRA,BRA,127,3,3,9,15
2000,BRA,BRA,121,0,6,6,12
2004,BRA,BRA,186,5,2,3,10
2008,BRA,BRA,193,3,4,9,16
2012,BRA,BRA,179,3,5,9,17
2016,BRA,BRA,317,8,6,6,20
1984,BRN,BHR,12,0,0,0,0
1988,BRN,BHR,11,0,0,0,0
1992,BRN,BHR,12,0,0,0,0
1996,BRN,BHR,3,0,0,0,0
2000,BRN,BHR,4,0,0,0,0
2004,BRN,BHR,10,0,0,0,0
2008,BRN,BHR,15,0,0,0,0
2012,BRN,BHR,14,0,0,1,1
2016,BRN,BHR,33,1,1,0,2
1996,BRU,BRN,1,0,0,0,0
2000,BRU,BRN,2,0,0,0,0
2004,BRU,BRN,1,0,0,0,0
2012,BRU,BRN,3,0,0,0,0
2016,BRU,BRN,3,0,0,0,0
1976,BUL,BGR,188,6,9,7,22
1980,BUL,BGR,261,8,16,17,41
1988,BUL,BGR,198,10,12,13,35
1992,BUL,BGR,202,3,7,6,16
1996,BUL,BGR,143,3,7,5,15
2000,BUL,BGR,129,5,6,2,13
2004,BUL,BGR,104,2,1,9,12
2008,BUL,BGR,68,1,1,3,5
2012,BUL,BGR,59,0,1,1,2
2016,BUL,BGR,52,0,1,2,3
1988,BUR,BFA,9,0,0,0,0
1992,BUR,BFA,4,0,0,0,0
1996,BUR,BFA,5,0,0,0,0
2000,BUR,BFA,4,0,0,0,0
2004,BUR,BFA,5,0,0,0,0
2008,BUR,BFA,6,0,0,0,0
2012,BUR,BFA,5,0,0,0,0
2016,BUR,BFA,5,0,0,0,0
1984,CAF,CAF,3,0,0,0,0
1988,CAF,CAF,4,0,0,0,0
1992,CAF,CAF,18,0,0,0,0
1996,CAF,CAF,5,0,0,0,0
2000,CAF,CAF,3,0,0,0,0
2004,CAF,CAF,4,0,0,0,0
2008,CAF,CAF,3,0,0,0,0
2012,CAF,CAF,6,0,0,0,0
2016,CAF,CAF,6,0,0,0,0
1996,CAM,KHM,5,0,0,0,0
2000,CAM,KHM,4,0,0,0,0
2004,CAM,KHM,4,0,0,0,0
2008,CAM,KHM,4,0,0,0,0
2012,CAM,KHM,6,0,0,0,0
2016,CAM,KHM,6,0,0,0,0
1976,CAN,CAN,317,0,5,6,11
1984,CAN,CAN,351,10,18,16,44
1988,CAN,CAN,341,3,2,5,10
1992,CAN,CAN,320,7,4,7,18
1996,CAN,CAN,273,3,11,8,22
2000,CAN,CAN,259,3,3,8,14
2004,CAN,CAN,247,3,6,3,12
2008,CAN,CAN,271,3,9,7,19
2012,CAN,CAN,238,1,5,12,18
2016,CAN,CAN,260,4,3,15,22
1976,CAY,CYM,1,0,0,0,0
1984,CAY,CYM,10,0,0,0,0
1988,CAY,CYM,9,0,0,0,0
1992,CAY,CYM,9,0,0,0,0
1996,CAY,CYM,7,0,0,0,0
2000,CAY,CYM,4,0,0,0,0
2004,CAY,CYM,8,0,0,0,0
2008,CAY,CYM,6,0,0,0,0
2012,CAY,CYM,7,0,0,0,0
2016,CAY,CYM,5,0,0,0,0
1980,CGO,COG,9,0,0,0,0
1984,CGO,COG,10,0,0,0,0
1988,CGO,COG,7,0,0,0,0
1992,CGO,COG,7,0,0,0,0
1996,CGO,COG,5,0,0,0,0
2000,CGO,COG,5,0,0,0,0
2004,CGO,COG,5,0,0,0,0
2008,CGO,COG,5,0,0,0,0
2012,CGO,COG,7,0,0,0,0
2016,CGO,COG,10,0,0,0,0
1984,CHA,TCD,3,0,0,0,0
1988,CHA,TCD,6,0,0,0,0
1992,CHA,TCD,7,0,0,0,0
1996,CHA,TCD,4,0,0,0,0
2000,CHA,TCD,3,0,0,0,0
2004,CHA,TCD,1,0,0,0,0
2008,CHA,TCD,2,0,0,0,0
2012,CHA,TCD,2,0,0,0,0
2016,CHA,TCD,2,0,0,0,0
1976,CHI,CHL,9,0,0,0,0
1984,CHI,CHL,33,0,0,0,0
1988,CHI,CHL,17,0,1,0,1
1992,CHI,CHL,14,0,0,0,0
1996,CHI,CHL,18,0,0,0,0
2000,CHI,CHL,33,0,0,1,1
2004,CHI,CHL,26,2,0,1,3
2008,CHI,CHL,28,0,1,0,1
2012,CHI,CHL,40,0,0,0,0
2016,CHI,CHL,41,0,0,0,0
1984,CHN,CHN,211,15,8,9,32
1988,CHN,CHN,292,5,11,12,28
1992,CHN,CHN,277,16,22,16,54
1996,CHN,CHN,295,16,22,12,50
2000,CHN,CHN,277,28,16,14,58
2004,CHN,CHN,335,32,17,14,63
2008,CHN,CHN,402,51,21,28,100
2012,CHN,CHN,315,38,27,23,88
2016,CHN,CHN,329,26,18,26,70
1976,CIV,CIV,8,0,0,0,0
1984,CIV,CIV,14,0,1,0,1
1988,CIV,CIV,10,0,0,0,0
1992,CIV,CIV,11,0,0,0,0
1996,CIV,CIV,9,0,0,0,0
2000,CIV,CIV,12,0,0,0,0
2004,CIV,CIV,5,0,0,0,0
2008,CIV,CIV,7,0,0,0,0
2012,CIV,CIV,10,0,0,0,0
2016,CIV,CIV,15,1,0,1,2
1976,CMR,CMR,1,0,0,0,0
1980,CMR,CMR,26,0,0,0,0
1984,CMR,CMR,36,0,0,1,1
1988,CMR,CMR,21,0,0,0,0
1992,CMR,CMR,9,0,0,0,0
1996,CMR,CMR,13,0,0,0,0
2000,CMR,CMR,16,1,0,0,1
2004,CMR,CMR,16,1,0,0,1
2008,CMR,CMR,16,1,0,0,1
2012,CMR,CMR,16,0,0,0,0
2016,CMR,CMR,13,0,0,0,0
1984,COD,COD,9,0,0,0,0
1988,COD,COD,18,0,0,0,0
1992,COD,COD,16,0,0,0,0
1996,COD,COD,3,0,0,0,0
2000,COD,COD,3,0,0,0,0
2004,COD,COD,5,0,0,0,0
2008,COD,COD,5,0,0,0,0
2012,COD,COD,4,0,0,0,0
2016,COD,COD,4,0,0,0,0
1988,COK,COK,8,0,0,0,0
1992,COK,COK,2,0,0,0,0
1996,COK,COK,3,0,0,0,0
2000,COK,COK,2,0,0,0,0
2004,COK,COK,3,0,0,0,0
2008,COK,COK,4,0,0,0,0
2012,COK,COK,9,0,0,0,0
2016,COK,COK,9,0,0,0,0
1976,COL,COL,37,0,0,0,0
1980,COL,COL,12,0,0,0,0
1984,COL,COL,48,0,1,0,1
1988,COL,COL,44,0,0,1,1
1992,COL,COL,38,0,0,1,1
1996,COL,COL,56,0,0,0,0
2000,COL,COL,49,1,0,0,1
2004,COL,COL,66,0,0,2,2
2008,COL,COL,84,0,1,1,2
2012,COL,COL,95,1,3,4,8
2016,COL,COL,108,3,2,3,8
1996,COM,COM,4,0,0,0,0
2000,COM,COM,2,0,0,0,0
2004,COM,COM,3,0,0,0,0
2008,COM,COM,3,0,0,0,0
2012,COM,COM,3,0,0,0,0
2016,COM,COM,4,0,0,0,0
1996,CPV,CPV,3,0,0,0,0
2000,CPV,CPV,2,0,0,0,0
2004,CPV,CPV,3,0,0,0,0
2008,CPV,CPV,2,0,0,0,0
2012,CPV,CPV,3,0,0,0,0
2016,CPV,CPV,5,0,0,0,0
1976,CRC,CRI,10,0,0,0,0
1980,CRC,CRI,22,0,0,0,0
1984,CRC,CRI,16,0,0,0,0
1988,CRC,CRI,27,0,1,0,1
1992,CRC,CRI,20,0,0,0,0
1996,CRC,CRI,13,1,0,0,1
2000,CRC,CRI,9,0,0,2,2
2004,CRC,CRI,8,0,0,0,0
2008,CRC,CRI,8,0,0,0,0
2012,CRC,CRI,11,0,0,0,0
2016,CRC,CRI,11,0,0,0,0
1992,CRO,HRV,27,0,1,2,3
1996,CRO,HRV,59,1,1,0,2
2000,CRO,HRV,59,1,0,1,2
2004,CRO,HRV,63,1,2,2,5
2008,CRO,HRV,77,0,2,3,5
2012,CRO,HRV,61,3,1,2,6
2016,CRO,HRV,56,5,3,2,10
1976,CUB,CUB,105,6,4,3,13
1980,CUB,CUB,149,8,7,5,20
1992,CUB,CUB,108,14,6,11,31
1996,CUB,CUB,108,9,8,8,25
2000,CUB,CUB,165,11,11,7,29
2004,CUB,CUB,130,9,7,11,27
2008,CUB,CUB,121,2,11,11,24
2012,CUB,CUB,106,5,3,6,14
2016,CUB,CUB,118,5,2,4,11
1980,CYP,CYP,13,0,0,0,0
1984,CYP,CYP,12,0,0,0,0
1988,CYP,CYP,10,0,0,0,0
1992,CYP,CYP,18,0,0,0,0
1996,CYP,CYP,20,0,0,0,0
2000,CYP,CYP,21,0,0,0,0
2004,CYP,CYP,21,0,0,0,0
2008,CYP,CYP,18,0,0,0,0
2012,CYP,CYP,13,0,1,0,1
2016,CYP,CYP,21,0,0,0,0
1996,CZE,CZE,141,4,3,4,11
2000,CZE,CZE,126,2,3,3,8
2004,CZE,CZE,135,1,3,5,9
2008,CZE,CZE,127,3,3,0,6
2012,CZE,CZE,124,4,3,3,10
2016,CZE,CZE,115,1,2,7,10
1976,DEN,DNK,51,1,0,2,3
1980,DEN,DNK,35,2,1,2,5
1984,DEN,DNK,42,0,3,3,6
1988,DEN,DNK,91,2,1,1,4
1992,DEN,DNK,86,1,1,4,6
1996,DEN,DNK,84,4,1,1,6
2000,DEN,DNK,77,2,3,1,6
2004,DEN,DNK,73,2,1,5,8
2008,DEN,DNK,75,3,2,5,10
2012,DEN,DNK,88,2,4,4,10
2016,DEN,DNK,83,2,6,8,16
1984,DJI,DJI,3,0,0,0,0
1988,DJI,DJI,6,0,0,1,1
1992,DJI,DJI,8,0,0,0,0
1996,DJI,DJI,5,0,0,0,0
2000,DJI,DJI,2,0,0,0,0
2008,DJI,DJI,2,0,0,0,0
2012,DJI,DJI,4,0,0,0,0
2016,DJI,DJI,8,0,0,0,0
1996,DMA,DMA,6,0,0,0,0
2000,DMA,DMA,4,0,0,0,0
2004,DMA,DMA,2,0,0,0,0
2008,DMA,DMA,2,0,0,0,0
2012,DMA,DMA,2,0,0,0,0
2016,DMA,DMA,2,0,0,0,0
1976,DOM,DOM,11,0,0,0,0
1980,DOM,DOM,7,0,0,0,0
1984,DOM,DOM,23,0,0,1,1
1988,DOM,DOM,17,0,0,0,0
1992,DOM,DOM,13,0,0,0,0
1996,DOM,DOM,16,0,0,0,0
2000,DOM,DOM,13,0,0,0,0
2004,DOM,DOM,22,1,0,0,1
2008,DOM,DOM,22,1,1,0,2
2012,DOM,DOM,22,1,1,0,2
2016,DOM,DOM,24,0,0,1,1
1976,ECU,ECU,8,0,0,0,0
1980,ECU,ECU,13,0,0,0,0
1984,ECU,ECU,15,0,0,0,0
1988,ECU,ECU,15,0,0,0,0
1992,ECU,ECU,15,0,0,0,0
1996,ECU,ECU,21,1,0,0,1
2000,ECU,ECU,11,0,0,0,0
2004,ECU,ECU,18,0,0,0,0
2008,ECU,ECU,26,0,1,0,1
2012,ECU,ECU,36,0,0,0,0
2016,ECU,ECU,40,0,0,0,0
1976,EGY,EGY,7,0,0,0,0
1984,EGY,EGY,95,0,1,0,1
1988,EGY,EGY,43,0,0,0,0
1992,EGY,EGY,37,0,0,0,0
1996,EGY,EGY,18,0,0,0,0
2000,EGY,EGY,71,0,0,0,0
2004,EGY,EGY,56,1,1,3,5
2008,EGY,EGY,76,0,0,1,1
2012,EGY,EGY,98,0,2,0,2
2016,EGY,EGY,98,0,0,3,3
2000,ERI,ERI,3,0,0,0,0
2004,ERI,ERI,5,0,0,1,1
2008,ERI,ERI,11,0,0,0,0
2012,ERI,ERI,12,0,0,0,0
2016,ERI,ERI,12,0,0,0,0
1984,ESA,SLV,15,0,0,0,0
1988,ESA,SLV,7,0,0,0,0
1992,ESA,SLV,6,0,0,0,0
1996,ESA,SLV,10,0,0,0,0
2000,ESA,SLV,10,0,0,0,0
2004,ESA,SLV,9,0,0,0,0
2008,ESA,SLV,14,0,0,0,0
2012,ESA,SLV,11,0,0,0,0
2016,ESA,SLV,10,0,0,0,0
1976,ESP,ESP,105,0,2,0,2
1980,ESP,ESP,118,1,3,2,6
1984,ESP,ESP,172,1,2,2,5
1988,ESP,ESP,208,1,1,2,4
1992,ESP,ESP,304,13,7,2,22
1996,ESP,ESP,248,5,6,6,17
2000,ESP,ESP,270,3,3,5,11
2004,ESP,ESP,261,4,11,6,21
2008,ESP,ESP,233,5,11,3,19
2012,ESP,ESP,204,3,10,4,17
2016,ESP,ESP,208,7,4,6,17
1992,EST,EST,38,1,0,1,2
1996,EST,EST,46,0,0,0,0
2000,EST,EST,36,1,0,2,3
2004,EST,EST,40,0,1,2,3
2008,EST,EST,47,1,1,0,2
2012,EST,EST,32,0,1,1,2
2016,EST,EST,43,0,0,1,1
1980,ETH,ETH,42,2,0,2,4
1992,ETH,ETH,21,1,0,2,3
1996,ETH,ETH,19,2,0,1,3
2000,ETH,ETH,27,4,1,3,8
2004,ETH,ETH,27,2,3,2,7
2008,ETH,ETH,29,4,1,2,7
2012,ETH,ETH,34,3,1,3,7
2016,ETH,ETH,38,1,2,5,8
1992,EUN,NA,421,45,38,29,112
1976,FIJ,FJI,5,0,0,0,0
1984,FIJ,FJI,25,0,0,0,0
1988,FIJ,FJI,39,0,0,0,0
1992,FIJ,FJI,34,0,0,0,0
1996,FIJ,FJI,14,0,0,0,0
2000,FIJ,FJI,9,0,0,0,0
2004,FIJ,FJI,9,0,0,0,0
2008,FIJ,FJI,6,0,0,0,0
2012,FIJ,FJI,9,0,0,0,0
2016,FIJ,FJI,14,1,0,0,1
1976,FIN,FIN,85,4,2,0,6
1980,FIN,FIN,96,3,1,4,8
1984,FIN,FIN,95,4,2,6,12
1988,FIN,FIN,88,1,1,2,4
1992,FIN,FIN,108,1,2,2,5
1996,FIN,FIN,89,1,2,1,4
2000,FIN,FIN,79,3,1,1,5
2004,FIN,FIN,64,0,2,0,2
2008,FIN,FIN,63,1,1,2,4
2012,FIN,FIN,66,0,1,2,3
2016,FIN,FIN,63,0,0,1,1
1976,FRA,FRA,215,2,3,4,9
1980,FRA,FRA,146,6,5,3,14
1984,FRA,FRA,239,5,7,16,28
1988,FRA,FRA,299,6,4,6,16
1992,FRA,FRA,333,8,5,16,29
1996,FRA,FRA,319,15,7,15,37
2000,FRA,FRA,317,13,14,11,38
2004,FRA,FRA,324,11,9,13,33
2008,FRA,FRA,329,7,16,18,41
2012,FRA,FRA,283,11,11,13,35
2016,FRA,FRA,305,10,18,14,42
1976,FRG,DEU,301,10,12,17,39
1984,FRG,DEU,343,17,19,23,59
1988,FRG,DEU,327,11,14,15,40
2000,FSM,FSM,5,0,0,0,0
2004,FSM,FSM,5,0,0,0,0
2008,FSM,FSM,5,0,0,0,0
2012,FSM,FSM,6,0,0,0,0
2016,FSM,FSM,5,0,0,0,0
1984,GAB,GAB,4,0,0,0,0
1988,GAB,GAB,2,0,0,0,0
1992,GAB,GAB,5,0,0,0,0
1996,GAB,GAB,6,0,0,0,0
2000,GAB,GAB,6,0,0,0,0
2004,GAB,GAB,5,0,0,0,0
2008,GAB,GAB,4,0,0,0,0
2012,GAB,GAB,7,0,1,0,1
2016,GAB,GAB,6,0,0,0,0
1984,GAM,GMB,10,0,0,0,0
1988,GAM,GMB,6,0,0,0,0
1992,GAM,GMB,5,0,0,0,0
1996,GAM,GMB,6,0,0,0,0
2000,GAM,GMB,2,0,0,0,0
2004,GAM,GMB,3,0,0,0,0
2008,GAM,GMB,3,0,0,0,0
2012,GAM,GMB,2,0,0,0,0
2016,GAM,GMB,4,0,0,0,0
1976,GBR,GBR,264,3,5,5,13
1980,GBR,GBR,243,5,7,9,21
1984,GBR,GBR,375,5,11,21,37
1988,GBR,GBR,334,5,10,9,24
1992,GBR,GBR,364,5,3,12,20
1996,GBR,GBR,267,1,8,6,15
2000,GBR,GBR,284,11,11,7,29
2004,GBR,GBR,250,9,9,13,31
2008,GBR,GBR,288,19,13,16,48
2012,GBR,GBR,383,29,17,19,65
2016,GBR,GBR,314,27,23,17,67
1996,GBS,GNB,3,0,0,0,0
2000,GBS,GNB,3,0,0,0,0
2004,GBS,GNB,3,0,0,0,0
2008,GBS,GNB,3,0,0,0,0
2012,GBS,GNB,4,0,0,0,0
2016,GBS,GNB,5,0,0,0,0
1976,GDR,DDR,279,40,25,25,90
1980,GDR,DDR,331,47,37,42,126
1988,GDR,DDR,283,37,35,30,102
1996,GEO,GEO,41,0,0,2,2
2000,GEO,GEO,45,0,0,6,6
2004,GEO,GEO,39,2,2,0,4
2008,GEO,GEO,36,3,0,3,6
2012,GEO,GEO,35,1,3,3,7
2016,GEO,GEO,43,2,1,4,7
1984,GEQ,GNQ,5,0,0,0,0
1988,GEQ,GNQ,7,0,0,0,0
1992,GEQ,GNQ,8,0,0,0,0
1996,GEQ,GNQ,5,0,0,0,0
2000,GEQ,GNQ,4,0,0,0,0
2004,GEQ,GNQ,2,0,0,0,0
2008,GEQ,GNQ,3,0,0,0,0
2012,GEQ,GNQ,2,0,0,0,0
2016,GEQ,GNQ,1,0,0,0,0
1992,GER,DEU,423,33,21,28,82
1996,GER,DEU,394,20,18,27,65
2000,GER,DEU,373,13,17,26,56
2004,GER,DEU,376,13,16,20,49
2008,GER,DEU,334,18,10,16,44
2012,GER,DEU,338,11,19,14,44
2016,GER,DEU,347,17,10,16,43
1984,GHA,GHA,18,0,0,0,0
1988,GHA,GHA,14,0,0,0,0
1992,GHA,GHA,18,0,0,1,1
1996,GHA,GHA,17,0,0,0,0
2000,GHA,GHA,18,0,0,0,0
2004,GHA,GHA,11,0,0,0,0
2008,GHA,GHA,9,0,0,0,0
2012,GHA,GHA,7,0,0,0,0
2016,GHA,GHA,12,0,0,0,0
1976,GRE,GRC,37,0,0,0,0
1980,GRE,GRC,32,1,0,2,3
1984,GRE,GRC,58,0,1,1,2
1988,GRE,GRC,44,0,0,1,1
1992,GRE,GRC,58,2,0,0,2
1996,GRE,GRC,137,4,4,0,8
2000,GRE,GRC,136,4,6,3,13
2004,GRE,GRC,267,6,6,4,16
2008,GRE,GRC,116,0,2,2,4
2012,GRE,GRC,85,0,0,2,2
2016,GRE,GRC,72,3,1,2,6
1984,GRN,GRD,6,0,0,0,0
1988,GRN,GRD,7,0,0,0,0
1992,GRN,GRD,5,0,0,0,0
1996,GRN,GRD,2,0,0,0,0
2000,GRN,GRD,3,0,0,0,0
2004,GRN,GRD,5,0,0,0,0
2008,GRN,GRD,9,0,0,0,0
2012,GRN,GRD,8,1,0,0,1
2016,GRN,GRD,6,0,1,0,1
1976,GUA,GTM,11,0,0,0,0
1980,GUA,GTM,9,0,0,0,0
1984,GUA,GTM,47,0,0,0,0
1988,GUA,GTM,18,0,0,0,0
1992,GUA,GTM,32,0,0,0,0
1996,GUA,GTM,28,0,0,0,0
2000,GUA,GTM,15,0,0,0,0
2004,GUA,GTM,19,0,0,0,0
2008,GUA,GTM,13,0,0,0,0
2012,GUA,GTM,24,0,1,0,1
2016,GUA,GTM,25,0,0,0,0
1980,GUI,GIN,10,0,0,0,0
1984,GUI,GIN,1,0,0,0,0
1988,GUI,GIN,7,0,0,0,0
1992,GUI,GIN,11,0,0,0,0
1996,GUI,GIN,5,0,0,0,0
2000,GUI,GIN,6,0,0,0,0
2004,GUI,GIN,4,0,0,0,0
2008,GUI,GIN,5,0,0,0,0
2012,GUI,GIN,4,0,0,0,0
2016,GUI,GIN,5,0,0,0,0
1988,GUM,GUM,26,0,0,0,0
1992,GUM,GUM,33,0,0,0,0
1996,GUM,GUM,9,0,0,0,0
2000,GUM,GUM,7,0,0,0,0
2004,GUM,GUM,4,0,0,0,0
2008,GUM,GUM,7,0,0,0,0
2012,GUM,GUM,8,0,0,0,0
2016,GUM,GUM,5,0,0,0,0
1980,GUY,GUY,10,0,0,1,1
1984,GUY,GUY,12,0,0,0,0
1988,GUY,GUY,8,0,0,0,0
1992,GUY,GUY,7,0,0,0,0
1996,GUY,GUY,6,0,0,0,0
2000,GUY,GUY,4,0,0,0,0
2004,GUY,GUY,4,0,0,0,0
2008,GUY,GUY,4,0,0,0,0
2012,GUY,GUY,6,0,0,0,0
2016,GUY,GUY,7,0,0,0,0
1976,HAI,HTI,14,0,0,0,0
1984,HAI,HTI,3,0,0,0,0
1988,HAI,HTI,5,0,0,0,0
1992,HAI,HTI,8,0,0,0,0
1996,HAI,HTI,7,0,0,0,0
2000,HAI,HTI,5,0,0,0,0
2004,HAI,HTI,8,0,0,0,0
2008,HAI,HTI,7,0,0,0,0
2012,HAI,HTI,5,0,0,0,0
2016,HAI,HTI,10,0,0,0,0
1976,HKG,HKG,36,0,0,0,0
1984,HKG,HKG,67,0,0,0,0
1988,HKG,HKG,69,0,0,0,0
1992,HKG,HKG,51,0,0,0,0
1996,HKG,HKG,26,1,0,0,1
2000,HKG,HKG,38,0,0,0,0
2004,HKG,HKG,36,0,1,0,1
2008,HKG,HKG,40,0,0,0,0
2012,HKG,HKG,46,0,0,1,1
2016,HKG,HKG,36,0,0,0,0
1976,HON,HND,3,0,0,0,0
1984,HON,HND,20,0,0,0,0
1988,HON,HND,18,0,0,0,0
1992,HON,HND,27,0,0,0,0
1996,HON,HND,7,0,0,0,0
2000,HON,HND,4,0,0,0,0
2004,HON,HND,5,0,0,0,0
2008,HON,HND,8,0,0,0,0
2012,HON,HND,10,0,0,0,0
2016,HON,HND,8,0,0,0,0
1976,HUN,HUN,202,4,5,13,22
1980,HUN,HUN,259,7,10,15,32
1988,HUN,HUN,235,11,6,6,23
1992,HUN,HUN,268,11,12,7,30
1996,HUN,HUN,226,7,4,10,21
2000,HUN,HUN,170,8,6,3,17
2004,HUN,HUN,172,8,6,3,17
2008,HUN,HUN,151,3,5,2,10
2012,HUN,HUN,132,8,4,6,18
2016,HUN,HUN,152,8,3,4,15
1976,INA,IDN,11,0,0,0,0
1984,INA,IDN,20,0,0,0,0
1988,INA,IDN,37,0,1,0,1
1992,INA,IDN,40,2,2,1,5
1996,INA,IDN,33,1,1,2,4
2000,INA,IDN,42,1,3,2,6
2004,INA,IDN,32,1,1,2,4
2008,INA,IDN,21,1,1,3,5
2012,INA,IDN,19,0,1,1,2
2016,INA,IDN,25,1,2,0,3
1976,IND,IND,11,0,0,0,0
1980,IND,IND,36,1,0,0,1
1984,IND,IND,34,0,0,0,0
1988,IND,IND,32,0,0,0,0
1992,IND,IND,41,0,0,0,0
1996,IND,IND,33,0,0,1,1
2000,IND,IND,40,0,0,1,1
2004,IND,IND,57,0,1,0,1
2008,IND,IND,59,1,0,2,3
2012,IND,IND,69,0,2,4,6
2016,IND,IND,87,0,1,1,2
1992,IOA,NA,68,0,1,2,3
2000,IOA,NA,4,0,0,0,0
2012,IOA,NA,4,0,0,0,0
2016,IOA,NA,9,1,0,1,2
1976,IRI,IRN,65,0,1,1,2
1988,IRI,IRN,23,0,1,0,1
1992,IRI,IRN,38,0,1,2,3
1996,IRI,IRN,18,1,1,1,3
2000,IRI,IRN,34,3,0,1,4
2004,IRI,IRN,37,2,2,2,6
2008,IRI,IRN,44,1,0,1,2
2012,IRI,IRN,57,4,5,3,12
2016,IRI,IRN,56,3,1,4,8
1976,IRL,IRL,41,0,0,0,0
1980,IRL,IRL,47,0,1,1,2
1984,IRL,IRL,49,0,1,0,1
1988,IRL,IRL,65,0,0,0,0
1992,IRL,IRL,63,1,1,0,2
1996,IRL,IRL,82,3,0,1,4
2000,IRL,IRL,60,0,1,0,1
2004,IRL,IRL,42,0,0,0,0
2008,IRL,IRL,50,0,1,2,3
2012,IRL,IRL,67,1,1,3,5
2016,IRL,IRL,73,0,2,0,2
1980,IRQ,IRQ,26,0,0,0,0
1984,IRQ,IRQ,11,0,0,0,0
1988,IRQ,IRQ,13,0,0,0,0
1992,IRQ,IRQ,8,0,0,0,0
1996,IRQ,IRQ,3,0,0,0,0
2000,IRQ,IRQ,4,0,0,0,0
2004,IRQ,IRQ,8,0,0,0,0
2008,IRQ,IRQ,3,0,0,0,0
2012,IRQ,IRQ,8,0,0,0,0
2016,IRQ,IRQ,5,0,0,0,0
1976,ISL,ISL,22,0,0,0,0
1980,ISL,ISL,12,0,0,0,0
1984,ISL,ISL,20,0,0,1,1
1988,ISL,ISL,27,0,0,0,0
1992,ISL,ISL,17,0,0,0,0
1996,ISL,ISL,15,0,0,0,0
2000,ISL,ISL,29,0,0,1,1
2004,ISL,ISL,20,0,0,0,0
2008,ISL,ISL,18,0,1,0,1
2012,ISL,ISL,20,0,0,0,0
2016,ISL,ISL,14,0,0,0,0
1976,ISR,ISR,19,0,0,0,0
1984,ISR,ISR,63,0,0,0,0
1988,ISR,ISR,26,0,0,0,0
1992,ISR,ISR,42,0,1,1,2
1996,ISR,ISR,31,0,0,1,1
2000,ISR,ISR,44,0,0,1,1
2004,ISR,ISR,42,1,0,1,2
2008,ISR,ISR,51,0,0,1,1
2012,ISR,ISR,47,0,0,0,0
2016,ISR,ISR,49,0,0,2,2
1976,ISV,VIR,23,0,0,0,0
1984,ISV,VIR,42,0,0,0,0
1988,ISV,VIR,35,0,1,0,1
1992,ISV,VIR,29,0,0,0,0
1996,ISV,VIR,11,0,0,0,0
2000,ISV,VIR,12,0,0,0,0
2004,ISV,VIR,9,0,0,0,0
2008,ISV,VIR,8,0,0,0,0
2012,ISV,VIR,9,0,0,0,0
2016,ISV,VIR,7,0,0,0,0
1976,ITA,ITA,210,2,7,4,13
1980,ITA,ITA,121,8,3,4,15
1984,ITA,ITA,235,14,6,12,32
1988,ITA,ITA,245,6,4,4,14
1992,ITA,ITA,274,6,5,8,19
1996,ITA,ITA,292,13,10,12,35
2000,ITA,ITA,263,13,8,13,34
2004,ITA,ITA,273,10,11,11,32
2008,ITA,ITA,300,8,9,10,27
2012,ITA,ITA,257,8,9,11,28
2016,ITA,ITA,257,8,12,8,28
1984,IVB,VGB,7,0,0,0,0
1988,IVB,VGB,4,0,0,0,0
1992,IVB,VGB,2,0,0,0,0
1996,IVB,VGB,5,0,0,0,0
2000,IVB,VGB,1,0,0,0,0
2004,IVB,VGB,1,0,0,0,0
2008,IVB,VGB,2,0,0,0,0
2012,IVB,VGB,2,0,0,0,0
2016,IVB,VGB,4,0,0,0,0
1976,JAM,JAM,27,1,1,0,2
1980,JAM,JAM,20,0,0,3,3
1984,JAM,JAM,53,0,1,2,3
1988,JAM,JAM,32,0,2,0,2
1992,JAM,JAM,37,0,3,1,4
1996,JAM,JAM,49,1,3,2,6
2000,JAM,JAM,46,0,6,3,9
2004,JAM,JAM,48,2,1,2,5
2008,JAM,JAM,49,5,3,2,10
2012,JAM,JAM,46,4,4,4,12
2016,JAM,JAM,58,6,3,2,11
1980,JOR,JOR,6,0,0,0,0
1984,JOR,JOR,15,0,0,0,0
1988,JOR,JOR,9,0,0,0,0
1992,JOR,JOR,5,0,0,0,0
1996,JOR,JOR,5,0,0,0,0
2000,JOR,JOR,8,0,0,0,0
2004,JOR,JOR,8,0,0,0,0
2008,JOR,JOR,7,0,0,0,0
2012,JOR,JOR,9,0,0,0,0
2016,JOR,JOR,8,1,0,0,1
1976,JPN,JPN,218,9,6,10,25
1984,JPN,JPN,261,10,8,14,32
1988,JPN,JPN,305,4,3,7,14
1992,JPN,JPN,290,3,8,11,22
1996,JPN,JPN,289,3,6,5,14
2000,JPN,JPN,255,5,8,5,18
2004,JPN,JPN,257,16,9,12,37
2008,JPN,JPN,277,9,7,9,25
2012,JPN,JPN,263,7,14,17,38
2016,JPN,JPN,284,12,8,21,41
1996,KAZ,KAZ,125,3,4,4,11
2000,KAZ,KAZ,126,3,4,0,7
2004,KAZ,KAZ,106,1,4,3,8
2008,KAZ,KAZ,118,2,4,7,13
2012,KAZ,KAZ,117,7,1,5,13
2016,KAZ,KAZ,109,3,5,10,18
1984,KEN,KEN,48,1,0,2,3
1988,KEN,KEN,67,5,2,2,9
1992,KEN,KEN,51,2,4,2,8
1996,KEN,KEN,50,1,4,3,8
2000,KEN,KEN,45,2,3,2,7
2004,KEN,KEN,35,1,4,2,7
2008,KEN,KEN,47,6,4,5,15
2012,KEN,KEN,48,2,4,5,11
2016,KEN,KEN,58,6,6,1,13
1996,KGZ,KGZ,39,0,0,0,0
2000,KGZ,KGZ,59,0,0,1,1
2004,KGZ,KGZ,32,0,0,0,0
2008,KGZ,KGZ,22,0,1,1,2
2012,KGZ,KGZ,15,0,0,0,0
2016,KGZ,KGZ,19,0,0,0,0
2004,KIR,KIR,3,0,0,0,0
2008,KIR,KIR,2,0,0,0,0
2012,KIR,KIR,3,0,0,0,0
2016,KIR,KIR,3,0,0,0,0
1976,KOR,KOR,29,1,1,4,6
1984,KOR,KOR,165,6,6,7,19
1988,KOR,KOR,319,12,10,11,33
1992,KOR,KOR,211,12,5,12,29
1996,KOR,KOR,242,7,15,5,27
2000,KOR,KOR,201,8,10,10,28
2004,KOR,KOR,217,9,12,9,30
2008,KOR,KOR,200,13,10,8,31
2012,KOR,KOR,193,13,8,7,28
2016,KOR,KOR,178,9,3,9,21
2016,KOS,[12],8,1,0,0,1
1976,KSA,SAU,13,0,0,0,0
1984,KSA,SAU,22,0,0,0,0
1988,KSA,SAU,13,0,0,0,0
1992,KSA,SAU,15,0,0,0,0
1996,KSA,SAU,15,0,0,0,0
2000,KSA,SAU,17,0,1,1,2
2004,KSA,SAU,16,0,0,0,0
2008,KSA,SAU,15,0,0,0,0
2012,KSA,SAU,20,0,0,1,1
2016,KSA,SAU,11,0,0,0,0
1976,KUW,KWT,15,0,0,0,0
1980,KUW,KWT,32,0,0,0,0
1984,KUW,KWT,24,0,0,0,0
1988,KUW,KWT,28,0,0,0,0
1992,KUW,KWT,19,0,0,0,0
1996,KUW,KWT,16,0,0,0,0
2000,KUW,KWT,12,0,0,1,1
2004,KUW,KWT,11,0,0,0,0
2008,KUW,KWT,8,0,0,0,0
2012,KUW,KWT,12,0,0,1,1
1980,LAO,LAO,19,0,0,0,0
1988,LAO,LAO,3,0,0,0,0
1992,LAO,LAO,7,0,0,0,0
1996,LAO,LAO,2,0,0,0,0
2000,LAO,LAO,3,0,0,0,0
2004,LAO,LAO,5,0,0,0,0
2008,LAO,LAO,4,0,0,0,0
2012,LAO,LAO,3,0,0,0,0
2016,LAO,LAO,5,0,0,0,0
1992,LAT,LVA,36,0,2,1,3
1996,LAT,LVA,53,0,1,0,1
2000,LAT,LVA,58,1,1,1,3
2004,LAT,LVA,45,0,4,0,4
2008,LAT,LVA,39,1,1,1,3
2012,LAT,LVA,47,1,0,1,2
2016,LAT,LVA,32,0,0,0,0
1980,LBA,LBY,24,0,0,0,0
1988,LBA,LBY,7,0,0,0,0
1992,LBA,LBY,5,0,0,0,0
1996,LBA,LBY,5,0,0,0,0
2000,LBA,LBY,3,0,0,0,0
2004,LBA,LBY,8,0,0,0,0
2008,LBA,LBY,6,0,0,0,0
2012,LBA,LBY,4,0,0,0,0
2016,LBA,LBY,7,0,0,0,0
1984,LBR,LBR,7,0,0,0,0
1988,LBR,LBR,11,0,0,0,0
1996,LBR,LBR,4,0,0,0,0
2000,LBR,LBR,7,0,0,0,0
2004,LBR,LBR,2,0,0,0,0
2008,LBR,LBR,4,0,0,0,0
2012,LBR,LBR,3,0,0,0,0
2016,LBR,LBR,3,0,0,0,0
1996,LCA,LCA,5,0,0,0,0
2000,LCA,LCA,5,0,0,0,0
2004,LCA,LCA,2,0,0,0,0
2008,LCA,LCA,4,0,0,0,0
2012,LCA,LCA,4,0,0,0,0
2016,LCA,LCA,5,0,0,0,0
1980,LES,LSO,7,0,0,0,0
1984,LES,LSO,5,0,0,0,0
1988,LES,LSO,6,0,0,0,0
1992,LES,LSO,8,0,0,0,0
1996,LES,LSO,5,0,0,0,0
2000,LES,LSO,6,0,0,0,0
2004,LES,LSO,3,0,0,0,0
2008,LES,LSO,5,0,0,0,0
2012,LES,LSO,4,0,0,0,0
2016,LES,LSO,9,0,0,0,0
1976,LIB,NA,4,0,0,0,0
1980,LIB,NA,19,0,0,1,1
1984,LIB,NA,27,0,0,0,0
1988,LIB,NA,31,0,0,0,0
1992,LIB,NA,18,0,0,0,0
1996,LIB,NA,1,0,0,0,0
2000,LIB,NA,6,0,0,0,0
2004,LIB,NA,5,0,0,0,0
2008,LIB,NA,6,0,0,0,0
2012,LIB,NA,10,0,0,0,0
2016,LIB,NA,9,0,0,0,0
1976,LIE,LIE,9,0,0,0,0
1984,LIE,LIE,8,0,0,0,0
1988,LIE,LIE,16,0,0,0,0
1992,LIE,LIE,8,0,0,0,0
1996,LIE,LIE,2,0,0,0,0
2000,LIE,LIE,2,0,0,0,0
2004,LIE,LIE,1,0,0,0,0
2008,LIE,LIE,2,0,0,0,0
2012,LIE,LIE,4,0,0,0,0
2016,LIE,LIE,3,0,0,0,0
1992,LTU,LTU,36,1,0,1,2
1996,LTU,LTU,62,0,0,1,1
2000,LTU,LTU,60,2,0,3,5
2004,LTU,LTU,50,1,2,0,3
2008,LTU,LTU,65,0,2,3,5
2012,LTU,LTU,60,2,1,2,5
2016,LTU,LTU,59,0,1,3,4
1976,LUX,LUX,9,0,0,0,0
1980,LUX,LUX,4,0,0,0,0
1984,LUX,LUX,5,0,0,0,0
1988,LUX,LUX,11,0,0,0,0
1992,LUX,LUX,8,0,0,0,0
1996,LUX,LUX,7,0,0,0,0
2000,LUX,LUX,8,0,0,0,0
2004,LUX,LUX,13,0,0,0,0
2008,LUX,LUX,19,0,0,0,0
2012,LUX,LUX,11,0,0,0,0
2016,LUX,LUX,15,0,0,0,0
1980,MAD,MDG,18,0,0,0,0
1984,MAD,MDG,5,0,0,0,0
1992,MAD,MDG,16,0,0,0,0
1996,MAD,MDG,10,0,0,0,0
2000,MAD,MDG,10,0,0,0,0
2004,MAD,MDG,8,0,0,0,0
2008,MAD,MDG,6,0,0,0,0
2012,MAD,MDG,7,0,0,0,0
2016,MAD,MDG,6,0,0,0,0
1976,MAR,MAR,9,0,0,0,0
1984,MAR,MAR,21,2,0,0,2
1988,MAR,MAR,29,1,0,2,3
1992,MAR,MAR,27,1,1,1,3
1996,MAR,MAR,38,0,0,2,2
2000,MAR,MAR,39,0,1,4,5
2004,MAR,MAR,42,2,1,0,3
2008,MAR,MAR,49,0,1,1,2
2012,MAR,MAR,52,0,0,1,1
2016,MAR,MAR,52,0,0,1,1
1976,MAS,MYS,10,0,0,0,0
1984,MAS,MYS,12,0,0,0,0
1988,MAS,MYS,16,0,0,0,0
1992,MAS,MYS,13,0,0,1,1
1996,MAS,MYS,23,0,1,1,2
2000,MAS,MYS,35,0,0,0,0
2004,MAS,MYS,35,0,0,0,0
2008,MAS,MYS,35,0,1,0,1
2012,MAS,MYS,31,0,1,1,2
2016,MAS,MYS,35,0,4,1,5
1984,MAW,MWI,20,0,0,0,0
1988,MAW,MWI,19,0,0,0,0
1992,MAW,MWI,4,0,0,0,0
1996,MAW,MWI,2,0,0,0,0
2000,MAW,MWI,2,0,0,0,0
2004,MAW,MWI,4,0,0,0,0
2008,MAW,MWI,4,0,0,0,0
2012,MAW,MWI,3,0,0,0,0
2016,MAW,MWI,5,0,0,0,0
1996,MDA,MDA,48,0,1,1,2
2000,MDA,MDA,35,0,1,1,2
2004,MDA,MDA,33,0,0,0,0
2008,MDA,MDA,30,0,0,1,1
2012,MDA,MDA,20,0,0,2,2
2016,MDA,MDA,23,0,0,0,0
1988,MDV,MDV,6,0,0,0,0
1992,MDV,MDV,10,0,0,0,0
1996,MDV,MDV,6,0,0,0,0
2000,MDV,MDV,4,0,0,0,0
2004,MDV,MDV,4,0,0,0,0
2008,MDV,MDV,4,0,0,0,0
2012,MDV,MDV,5,0,0,0,0
2016,MDV,MDV,4,0,0,0,0
1976,MEX,MEX,81,1,0,1,2
1980,MEX,MEX,62,0,1,3,4
1984,MEX,MEX,124,2,3,1,6
1988,MEX,MEX,117,0,0,2,2
1992,MEX,MEX,98,0,1,0,1
1996,MEX,MEX,79,0,0,1,1
2000,MEX,MEX,84,1,2,3,6
2004,MEX,MEX,91,0,3,1,4
2008,MEX,MEX,91,2,0,1,3
2012,MEX,MEX,93,1,3,3,7
2016,MEX,MEX,101,0,3,2,5
1976,MGL,MNG,33,0,1,0,1
1980,MGL,MNG,54,0,2,2,4
1988,MGL,MNG,30,0,0,1,1
1992,MGL,MNG,35,0,0,2,2
1996,MGL,MNG,18,0,0,1,1
2000,MGL,MNG,23,0,0,0,0
2004,MGL,MNG,21,0,0,1,1
2008,MGL,MNG,31,2,2,0,4
2012,MGL,MNG,32,0,2,3,5
2016,MGL,MNG,46,0,1,1,2
2008,MHL,MHL,5,0,0,0,0
2012,MHL,MHL,4,0,0,0,0
2016,MHL,MHL,5,0,0,0,0
1996,MKD,MKD,16,0,0,0,0
2000,MKD,MKD,15,0,0,1,1
2004,MKD,MKD,14,0,0,0,0
2008,MKD,MKD,7,0,0,0,0
2012,MKD,MKD,4,0,0,0,0
2016,MKD,MKD,6,0,0,0,0
1980,MLI,MLI,7,0,0,0,0
1984,MLI,MLI,5,0,0,0,0
1988,MLI,MLI,8,0,0,0,0
1992,MLI,MLI,6,0,0,0,0
1996,MLI,MLI,4,0,0,0,0
2000,MLI,MLI,5,0,0,0,0
2004,MLI,MLI,6,0,0,0,0
2008,MLI,MLI,6,0,0,0,0
2012,MLI,MLI,6,0,0,0,0
2016,MLI,MLI,6,0,0,0,0
1980,MLT,MLT,9,0,0,0,0
1984,MLT,MLT,7,0,0,0,0
1988,MLT,MLT,6,0,0,0,0
1992,MLT,MLT,8,0,0,0,0
1996,MLT,MLT,10,0,0,0,0
2000,MLT,MLT,7,0,0,0,0
2004,MLT,MLT,7,0,0,0,0
2008,MLT,MLT,6,0,0,0,0
2012,MLT,MLT,5,0,0,0,0
2016,MLT,MLT,8,0,0,0,0
2008,MNE,MNE,8,0,0,0,0
2012,MNE,MNE,9,0,1,0,1
2016,MNE,MNE,9,0,0,0,0
1976,MON,MCO,8,0,0,0,0
1984,MON,MCO,8,0,0,0,0
1988,MON,MCO,9,0,0,0,0
1992,MON,MCO,4,0,0,0,0
1996,MON,MCO,4,0,0,0,0
2000,MON,MCO,4,0,0,0,0
2004,MON,MCO,3,0,0,0,0
2008,MON,MCO,5,0,0,0,0
2012,MON,MCO,6,0,0,0,0
2016,MON,MCO,8,0,0,0,0
1980,MOZ,MOZ,16,0,0,0,0
1984,MOZ,MOZ,11,0,0,0,0
1988,MOZ,MOZ,12,0,0,0,0
1992,MOZ,MOZ,7,0,0,0,0
1996,MOZ,MOZ,3,0,0,1,1
2000,MOZ,MOZ,4,1,0,0,1
2004,MOZ,MOZ,4,0,0,0,0
2008,MOZ,MOZ,4,0,0,0,0
2012,MOZ,MOZ,6,0,0,0,0
2016,MOZ,MOZ,7,0,0,0,0
1984,MRI,MUS,7,0,0,0,0
1988,MRI,MUS,10,0,0,0,0
1992,MRI,MUS,18,0,0,0,0
1996,MRI,MUS,26,0,0,0,0
2000,MRI,MUS,20,0,0,0,0
2004,MRI,MUS,9,0,0,0,0
2008,MRI,MUS,11,0,0,1,1
2012,MRI,MUS,10,0,0,0,0
2016,MRI,MUS,11,0,0,0,0
1984,MTN,MRT,2,0,0,0,0
1988,MTN,MRT,7,0,0,0,0
1992,MTN,MRT,6,0,0,0,0
1996,MTN,MRT,4,0,0,0,0
2000,MTN,MRT,2,0,0,0,0
2004,MTN,MRT,2,0,0,0,0
2008,MTN,MRT,2,0,0,0,0
2012,MTN,MRT,2,0,0,0,0
2016,MTN,MRT,2,0,0,0,0
1980,MYA,MMR,2,0,0,0,0
1984,MYA,MMR,1,0,0,0,0
1988,MYA,MMR,3,0,0,0,0
1992,MYA,MMR,5,0,0,0,0
1996,MYA,MMR,3,0,0,0,0
2000,MYA,MMR,7,0,0,0,0
2004,MYA,MMR,2,0,0,0,0
2008,MYA,MMR,7,0,0,0,0
2012,MYA,MMR,6,0,0,0,0
2016,MYA,MMR,8,0,0,0,0
1992,NAM,NAM,10,0,2,0,2
1996,NAM,NAM,10,0,2,0,2
2000,NAM,NAM,16,0,0,0,0
2004,NAM,NAM,10,0,0,0,0
2008,NAM,NAM,11,0,0,0,0
2012,NAM,NAM,9,0,0,0,0
2016,NAM,NAM,11,0,0,0,0
1976,NCA,NIC,22,0,0,0,0
1980,NCA,NIC,6,0,0,0,0
1984,NCA,NIC,5,0,0,0,0
1992,NCA,NIC,9,0,0,0,0
1996,NCA,NIC,9,0,0,0,0
2000,NCA,NIC,6,0,0,0,0
2004,NCA,NIC,6,0,0,0,0
2008,NCA,NIC,7,0,0,0,0
2012,NCA,NIC,6,0,0,0,0
2016,NCA,NIC,5,0,0,0,0
1976,NED,NLD,100,0,2,3,5
1980,NED,NLD,68,0,1,2,3
1984,NED,NLD,98,5,2,6,13
1988,NED,NLD,112,2,2,5,9
1992,NED,NLD,140,2,6,7,15
1996,NED,NLD,124,4,5,10,19
2000,NED,NLD,130,12,9,4,25
2004,NED,NLD,134,4,9,9,22
2008,NED,NLD,129,7,7,4,18
2012,NED,NLD,125,6,6,8,20
2016,NED,NLD,189,8,7,4,19
1976,NEP,NPL,1,0,0,0,0
1980,NEP,NPL,10,0,0,0,0
1984,NEP,NPL,10,0,0,0,0
1988,NEP,NPL,20,0,0,0,0
1992,NEP,NPL,2,0,0,0,0
1996,NEP,NPL,6,0,0,0,0
2000,NEP,NPL,5,0,0,0,0
2004,NEP,NPL,6,0,0,0,0
2008,NEP,NPL,8,0,0,0,0
2012,NEP,NPL,5,0,0,0,0
2016,NEP,NPL,7,0,0,0,0
1980,NGR,NGA,31,0,0,0,0
1984,NGR,NGA,29,0,1,1,2
1988,NGR,NGA,55,0,0,0,0
1992,NGR,NGA,44,0,3,1,4
1996,NGR,NGA,54,2,1,3,6
2000,NGR,NGA,52,1,2,0,3
2004,NGR,NGA,37,0,0,2,2
2008,NGR,NGA,46,0,1,3,4
2012,NGR,NGA,39,0,0,0,0
2016,NGR,NGA,45,0,0,1,1
1984,NIG,NER,4,0,0,0,0
1988,NIG,NER,6,0,0,0,0
1992,NIG,NER,3,0,0,0,0
1996,NIG,NER,3,0,0,0,0
2000,NIG,NER,4,0,0,0,0
2004,NIG,NER,4,0,0,0,0
2008,NIG,NER,4,0,0,0,0
2012,NIG,NER,6,0,0,0,0
2016,NIG,NER,6,0,1,0,1
1976,NOR,NOR,53,1,1,0,2
1984,NOR,NOR,93,0,1,2,3
1988,NOR,NOR,53,2,3,0,5
1992,NOR,NOR,75,2,4,1,7
1996,NOR,NOR,73,2,2,3,7
2000,NOR,NOR,70,4,3,3,10
2004,NOR,NOR,49,5,0,1,6
2008,NOR,NOR,65,3,5,1,9
2012,NOR,NOR,52,2,1,1,4
2016,NOR,NOR,62,0,0,4,4
1996,NRU,NRU,3,0,0,0,0
2000,NRU,NRU,2,0,0,0,0
2004,NRU,NRU,3,0,0,0,0
2008,NRU,NRU,1,0,0,0,0
2012,NRU,NRU,2,0,0,0,0
2016,NRU,NRU,2,0,0,0,0
1976,NZL,NZL,64,2,1,1,4
1980,NZL,NZL,5,0,0,0,0
1984,NZL,NZL,96,8,1,2,11
1988,NZL,NZL,74,3,2,8,13
1992,NZL,NZL,105,1,4,5,10
1996,NZL,NZL,94,3,2,1,6
2000,NZL,NZL,110,1,0,3,4
2004,NZL,NZL,99,3,2,0,5
2008,NZL,NZL,95,3,2,4,9
2012,NZL,NZL,99,6,3,5,14
2016,NZL,NZL,118,5,10,5,20
1984,OMA,OMN,19,0,0,0,0
1988,OMA,OMN,10,0,0,0,0
1992,OMA,OMN,5,0,0,0,0
1996,OMA,OMN,5,0,0,0,0
2000,OMA,OMN,5,0,0,0,0
2004,OMA,OMN,2,0,0,0,0
2008,OMA,OMN,4,0,0,0,0
2012,OMA,OMN,3,0,0,0,0
2016,OMA,OMN,4,0,0,0,0
1976,PAK,PAK,9,0,0,1,1
1984,PAK,PAK,15,1,0,0,1
1988,PAK,PAK,15,0,0,1,1
1992,PAK,PAK,12,0,0,1,1
1996,PAK,PAK,9,0,0,0,0
2000,PAK,PAK,11,0,0,0,0
2004,PAK,PAK,11,0,0,0,0
2008,PAK,PAK,7,0,0,0,0
2012,PAK,PAK,6,0,0,0,0
2016,PAK,PAK,7,0,0,0,0
1976,PAN,PAN,13,0,0,0,0
1984,PAN,PAN,10,0,0,0,0
1988,PAN,PAN,9,0,0,0,0
1992,PAN,PAN,7,0,0,0,0
1996,PAN,PAN,9,0,0,0,0
2000,PAN,PAN,7,0,0,0,0
2004,PAN,PAN,5,0,0,0,0
2008,PAN,PAN,5,1,0,0,1
2012,PAN,PAN,8,0,0,0,0
2016,PAN,PAN,14,0,0,0,0
1976,PAR,PRY,6,0,0,0,0
1984,PAR,PRY,18,0,0,0,0
1988,PAR,PRY,12,0,0,0,0
1992,PAR,PRY,14,0,0,0,0
1996,PAR,PRY,7,0,0,0,0
2000,PAR,PRY,5,0,0,0,0
2004,PAR,PRY,6,0,1,0,1
2008,PAR,PRY,7,0,0,0,0
2012,PAR,PRY,10,0,0,0,0
2016,PAR,PRY,11,0,0,0,0
1976,PER,PER,3,0,0,0,0
1980,PER,PER,29,0,0,0,0
1984,PER,PER,32,0,1,0,1
1988,PER,PER,15,0,1,0,1
1992,PER,PER,19,0,1,0,1
1996,PER,PER,23,0,0,0,0
2000,PER,PER,12,0,0,0,0
2004,PER,PER,14,0,0,0,0
2008,PER,PER,13,0,0,0,0
2012,PER,PER,16,0,0,0,0
2016,PER,PER,34,0,0,0,0
1976,PHI,PHL,21,0,0,0,0
1984,PHI,PHL,32,0,0,0,0
1988,PHI,PHL,42,0,0,1,1
1992,PHI,PHL,33,0,0,1,1
1996,PHI,PHL,18,0,1,0,1
2000,PHI,PHL,22,0,0,0,0
2004,PHI,PHL,21,0,0,0,0
2008,PHI,PHL,17,0,0,0,0
2012,PHI,PHL,11,0,0,0,0
2016,PHI,PHL,13,0,1,0,1
1996,PLE,PSE,1,0,0,0,0
2000,PLE,PSE,2,0,0,0,0
2004,PLE,PSE,3,0,0,0,0
2008,PLE,PSE,4,0,0,0,0
2012,PLE,PSE,5,0,0,0,0
2016,PLE,PSE,6,0,0,0,0
2000,PLW,PLW,5,0,0,0,0
2004,PLW,PLW,4,0,0,0,0
2008,PLW,PLW,5,0,0,0,0
2012,PLW,PLW,5,0,0,0,0
2016,PLW,PLW,6,0,0,0,0
1976,PNG,PNG,9,0,0,0,0
1984,PNG,PNG,12,0,0,0,0
1988,PNG,PNG,15,0,0,0,0
1992,PNG,PNG,16,0,0,0,0
1996,PNG,PNG,11,0,0,0,0
2000,PNG,PNG,5,0,0,0,0
2004,PNG,PNG,6,0,0,0,0
2008,PNG,PNG,9,0,0,0,0
2012,PNG,PNG,8,0,0,0,0
2016,PNG,PNG,8,0,0,0,0
1976,POL,POL,189,7,6,13,26
1980,POL,POL,259,3,14,15,32
1988,POL,POL,140,2,5,9,16
1992,POL,POL,193,3,6,10,19
1996,POL,POL,157,7,5,5,17
2000,POL,POL,163,6,5,3,14
2004,POL,POL,161,3,2,5,10
2008,POL,POL,212,3,6,1,10
2012,POL,POL,184,2,2,6,10
2016,POL,POL,198,2,3,6,11
1976,POR,PRT,29,0,2,0,2
1980,POR,PRT,18,0,0,0,0
1984,POR,PRT,45,1,0,2,3
1988,POR,PRT,80,1,0,0,1
1992,POR,PRT,91,0,0,0,0
1996,POR,PRT,98,1,0,1,2
2000,POR,PRT,59,0,0,2,2
2004,POR,PRT,71,0,2,1,3
2008,POR,PRT,83,1,1,0,2
2012,POR,PRT,86,0,1,0,1
2016,POR,PRT,83,0,0,1,1
1976,PRK,PRK,26,1,1,0,2
1980,PRK,PRK,111,0,3,2,5
1992,PRK,PRK,112,4,0,5,9
1996,PRK,PRK,33,2,1,2,5
2000,PRK,PRK,46,0,1,3,4
2004,PRK,PRK,65,0,4,1,5
2008,PRK,PRK,52,2,1,3,6
2012,PRK,PRK,35,4,0,2,6
2016,PRK,PRK,35,2,3,2,7
1976,PUR,PRI,81,0,0,1,1
1980,PUR,PRI,3,0,0,0,0
1984,PUR,PRI,49,0,1,1,2
1988,PUR,PRI,44,0,0,0,0
1992,PUR,PRI,60,0,0,1,1
1996,PUR,PRI,60,0,0,1,1
2000,PUR,PRI,31,0,0,0,0
2004,PUR,PRI,38,0,0,0,0
2008,PUR,PRI,31,0,0,0,0
2012,PUR,PRI,28,0,1,1,2
2016,PUR,PRI,30,1,0,0,1
1984,QAT,QAT,10,0,0,0,0
1988,QAT,QAT,10,0,0,0,0
1992,QAT,QAT,11,0,0,1,1
1996,QAT,QAT,10,0,0,0,0
2000,QAT,QAT,16,0,0,1,1
2004,QAT,QAT,15,0,0,0,0
2008,QAT,QAT,20,0,0,0,0
2012,QAT,QAT,14,0,0,2,2
2016,QAT,QAT,24,0,1,0,1
2016,ROT,NA,12,0,0,0,0
1976,ROU,ROU,167,4,9,14,27
1980,ROU,ROU,223,6,6,13,25
1984,ROU,ROU,134,20,16,17,53
1988,ROU,ROU,127,7,11,6,24
1992,ROU,ROU,215,4,6,8,18
1996,ROU,ROU,209,4,7,9,20
2000,ROU,ROU,178,11,6,9,26
2004,ROU,ROU,154,8,5,6,19
2008,ROU,ROU,131,4,1,3,8
2012,ROU,ROU,109,2,5,2,9
2016,ROU,ROU,79,1,1,2,4
1992,RSA,ZAF,109,0,2,0,2
1996,RSA,ZAF,79,3,1,1,5
2000,RSA,ZAF,87,0,2,3,5
2004,RSA,ZAF,81,1,3,2,6
2008,RSA,ZAF,110,0,1,0,1
2012,RSA,ZAF,78,3,2,1,6
2016,RSA,ZAF,97,2,6,2,10
1996,RUS,RUS,384,26,21,16,63
2000,RUS,RUS,405,32,28,29,89
2004,RUS,RUS,421,28,26,36,90
2008,RUS,RUS,420,23,21,28,72
2012,RUS,RUS,377,24,26,32,82
2016,RUS,RUS,278,19,17,20,56
1984,RWA,RWA,6,0,0,0,0
1988,RWA,RWA,8,0,0,0,0
1992,RWA,RWA,10,0,0,0,0
1996,RWA,RWA,4,0,0,0,0
2000,RWA,RWA,5,0,0,0,0
2004,RWA,RWA,5,0,0,0,0
2008,RWA,RWA,4,0,0,0,0
2012,RWA,RWA,7,0,0,0,0
2016,RWA,RWA,7,0,0,0,0
1984,SAM,WSM,9,0,0,0,0
1988,SAM,WSM,11,0,0,0,0
1992,SAM,WSM,5,0,0,0,0
1996,SAM,WSM,5,0,0,0,0
2000,SAM,WSM,5,0,0,0,0
2004,SAM,WSM,3,0,0,0,0
2008,SAM,WSM,7,0,0,0,0
2012,SAM,WSM,9,0,0,0,0
2016,SAM,WSM,9,0,0,0,0
1996,SCG,SCG,44,1,1,2,4
2000,SCG,SCG,57,1,1,1,3
2004,SCG,SCG,40,0,2,0,2
1976,SEN,SEN,30,0,0,0,0
1980,SEN,SEN,25,0,0,0,0
1984,SEN,SEN,22,0,0,0,0
1988,SEN,SEN,29,0,1,0,1
1992,SEN,SEN,22,0,0,0,0
1996,SEN,SEN,9,0,0,0,0
2000,SEN,SEN,15,0,0,0,0
2004,SEN,SEN,18,0,0,0,0
2008,SEN,SEN,17,0,0,0,0
2012,SEN,SEN,16,0,0,0,0
2016,SEN,SEN,11,0,0,0,0
1980,SEY,SYC,15,0,0,0,0
1984,SEY,SYC,15,0,0,0,0
1992,SEY,SYC,21,0,0,0,0
1996,SEY,SYC,9,0,0,0,0
2000,SEY,SYC,9,0,0,0,0
2004,SEY,SYC,10,0,0,0,0
2008,SEY,SYC,9,0,0,0,0
2012,SEY,SYC,6,0,0,0,0
2016,SEY,SYC,10,0,0,0,0
1976,SGP,SGP,4,0,0,0,0
1984,SGP,SGP,8,0,0,0,0
1988,SGP,SGP,20,0,0,0,0
1992,SGP,SGP,35,0,0,0,0
1996,SGP,SGP,28,0,0,0,0
2000,SGP,SGP,21,0,0,0,0
2004,SGP,SGP,20,0,0,0,0
2008,SGP,SGP,28,0,1,0,1
2012,SGP,SGP,31,0,0,2,2
2016,SGP,SGP,28,1,0,0,1
1996,SKN,KNA,5,0,0,0,0
2000,SKN,KNA,4,0,0,0,0
2004,SKN,KNA,2,0,0,0,0
2008,SKN,KNA,6,0,0,0,0
2012,SKN,KNA,4,0,0,0,0
2016,SKN,KNA,6,0,0,0,0
1980,SLE,SLE,26,0,0,0,0
1984,SLE,SLE,7,0,0,0,0
1988,SLE,SLE,14,0,0,0,0
1992,SLE,SLE,12,0,0,0,0
1996,SLE,SLE,10,0,0,0,0
2000,SLE,SLE,3,0,0,0,0
2004,SLE,SLE,2,0,0,0,0
2008,SLE,SLE,3,0,0,0,0
2012,SLE,SLE,2,0,0,0,0
2016,SLE,SLE,4,0,0,0,0
1992,SLO,SVN,40,0,0,2,2
1996,SLO,SVN,39,0,2,0,2
2000,SLO,SVN,59,2,0,0,2
2004,SLO,SVN,73,0,1,3,4
2008,SLO,SVN,64,1,2,2,5
2012,SLO,SVN,71,1,1,2,4
2016,SLO,SVN,49,1,2,1,4
1976,SMR,SMR,10,0,0,0,0
1980,SMR,SMR,16,0,0,0,0
1984,SMR,SMR,31,0,0,0,0
1988,SMR,SMR,15,0,0,0,0
1992,SMR,SMR,16,0,0,0,0
1996,SMR,SMR,7,0,0,0,0
2000,SMR,SMR,4,0,0,0,0
2004,SMR,SMR,5,0,0,0,0
2008,SMR,SMR,4,0,0,0,0
2012,SMR,SMR,4,0,0,0,0
2016,SMR,SMR,4,0,0,0,0
1984,SOL,SLB,3,0,0,0,0
1988,SOL,SLB,5,0,0,0,0
1992,SOL,SLB,1,0,0,0,0
1996,SOL,SLB,4,0,0,0,0
2000,SOL,SLB,2,0,0,0,0
2004,SOL,SLB,2,0,0,0,0
2008,SOL,SLB,3,0,0,0,0
2012,SOL,SLB,4,0,0,0,0
2016,SOL,SLB,3,0,0,0,0
1984,SOM,SOM,9,0,0,0,0
1988,SOM,SOM,5,0,0,0,0
1996,SOM,SOM,4,0,0,0,0
2000,SOM,SOM,2,0,0,0,0
2004,SOM,SOM,2,0,0,0,0
2008,SOM,SOM,2,0,0,0,0
2012,SOM,SOM,2,0,0,0,0
2016,SOM,SOM,2,0,0,0,0
2008,SRB,SRB,48,0,1,2,3
2012,SRB,SRB,69,1,1,2,4
2016,SRB,SRB,69,2,4,2,8
1980,SRI,LKA,1,0,0,0,0
1984,SRI,LKA,5,0,0,0,0
1988,SRI,LKA,9,0,0,0,0
1992,SRI,LKA,16,0,0,0,0
1996,SRI,LKA,11,0,0,0,0
2000,SRI,LKA,17,0,1,0,1
2004,SRI,LKA,8,0,0,0,0
2008,SRI,LKA,9,0,0,0,0
2012,SRI,LKA,8,0,0,0,0
2016,SRI,LKA,10,0,0,0,0
2016,SSD,SSD,3,0,0,0,0
1996,STP,STP,2,0,0,0,0
2000,STP,STP,2,0,0,0,0
2004,STP,STP,2,0,0,0,0
2008,STP,STP,4,0,0,0,0
2012,STP,STP,2,0,0,0,0
2016,STP,STP,3,0,0,0,0
1984,SUD,SDN,9,0,0,0,0
1988,SUD,SDN,8,0,0,0,0
1992,SUD,SDN,7,0,0,0,0
1996,SUD,SDN,4,0,0,0,0
2000,SUD,SDN,3,0,0,0,0
2004,SUD,SDN,4,0,0,0,0
2008,SUD,SDN,9,0,1,0,1
2012,SUD,SDN,6,0,0,0,0
2016,SUD,SDN,6,0,0,0,0
1976,SUI,CHE,84,1,1,2,4
1980,SUI,CHE,50,2,0,0,2
1984,SUI,CHE,180,0,4,4,8
1988,SUI,CHE,124,0,2,2,4
1992,SUI,CHE,141,1,0,0,1
1996,SUI,CHE,125,4,3,0,7
2000,SUI,CHE,111,1,6,2,9
2004,SUI,CHE,112,1,1,3,5
2008,SUI,CHE,100,2,1,4,7
2012,SUI,CHE,91,2,2,0,4
2016,SUI,CHE,118,3,2,2,7
1976,SUR,SUR,4,0,0,0,0
1984,SUR,SUR,7,0,0,0,0
1988,SUR,SUR,10,1,0,0,1
1992,SUR,SUR,9,0,0,1,1
1996,SUR,SUR,11,0,0,0,0
2000,SUR,SUR,5,0,0,0,0
2004,SUR,SUR,4,0,0,0,0
2008,SUR,SUR,4,0,0,0,0
2012,SUR,SUR,5,0,0,0,0
2016,SUR,SUR,6,0,0,0,0
1996,SVK,SVK,89,1,1,1,3
2000,SVK,SVK,76,1,3,1,5
2004,SVK,SVK,70,2,2,2,6
2008,SVK,SVK,61,3,2,1,6
2012,SVK,SVK,57,0,1,3,4
2016,SVK,SVK,56,2,2,0,4
1976,SWE,SWE,126,4,1,0,5
1980,SWE,SWE,135,3,3,6,12
1984,SWE,SWE,184,2,11,6,19
1988,SWE,SWE,154,0,4,7,11
1992,SWE,SWE,164,1,7,4,12
1996,SWE,SWE,142,2,4,2,8
2000,SWE,SWE,125,4,5,3,12
2004,SWE,SWE,109,4,2,1,7
2008,SWE,SWE,109,0,4,1,5
2012,SWE,SWE,100,1,4,3,8
2016,SWE,SWE,104,2,6,3,11
1984,SWZ,SWZ,11,0,0,0,0
1988,SWZ,SWZ,15,0,0,0,0
1992,SWZ,SWZ,10,0,0,0,0
1996,SWZ,SWZ,6,0,0,0,0
2000,SWZ,SWZ,6,0,0,0,0
2004,SWZ,SWZ,3,0,0,0,0
2008,SWZ,SWZ,4,0,0,0,0
2012,SWZ,SWZ,3,0,0,0,0
2016,SWZ,SWZ,2,0,0,0,0
1980,SYR,SYR,57,0,0,0,0
1984,SYR,SYR,9,0,1,0,1
1988,SYR,SYR,13,0,0,0,0
1992,SYR,SYR,9,0,0,0,0
1996,SYR,SYR,8,1,0,0,1
2000,SYR,SYR,8,0,0,0,0
2004,SYR,SYR,6,0,0,1,1
2008,SYR,SYR,7,0,0,0,0
2012,SYR,SYR,10,0,0,0,0
2016,SYR,SYR,7,0,0,0,0
1980,TAN,TZA,33,0,2,0,2
1984,TAN,TZA,21,0,0,0,0
1988,TAN,TZA,10,0,0,0,0
1992,TAN,TZA,9,0,0,0,0
1996,TAN,TZA,7,0,0,0,0
2000,TAN,TZA,4,0,0,0,0
2004,TAN,TZA,9,0,0,0,0
2008,TAN,TZA,9,0,0,0,0
2012,TAN,TZA,6,0,0,0,0
2016,TAN,TZA,7,0,0,0,0
1976,TCH,CSK,155,2,2,4,8
1980,TCH,CSK,200,2,3,9,14
1988,TCH,CSK,153,3,3,2,8
1992,TCH,CSK,178,4,2,1,7
1984,TGA,TON,7,0,0,0,0
1988,TGA,TON,7,0,0,0,0
1992,TGA,TON,5,0,0,0,0
1996,TGA,TON,5,0,1,0,1
2000,TGA,TON,3,0,0,0,0
2004,TGA,TON,5,0,0,0,0
2008,TGA,TON,3,0,0,0,0
2012,TGA,TON,3,0,0,0,0
2016,TGA,TON,7,0,0,0,0
1976,THA,THA,48,0,0,1,1
1984,THA,THA,34,0,1,0,1
1988,THA,THA,12,0,0,1,1
1992,THA,THA,49,0,0,1,1
1996,THA,THA,46,1,0,1,2
2000,THA,THA,55,1,0,2,3
2004,THA,THA,47,3,1,4,8
2008,THA,THA,46,2,2,0,4
2012,THA,THA,41,0,2,1,3
2016,THA,THA,55,2,2,2,6
1996,TJK,TJK,8,0,0,0,0
2000,TJK,TJK,4,0,0,0,0
2004,TJK,TJK,9,0,0,0,0
2008,TJK,TJK,16,0,1,1,2
2012,TJK,TJK,16,0,0,1,1
2016,TJK,TJK,7,1,0,0,1
1996,TKM,TKM,7,0,0,0,0
2000,TKM,TKM,8,0,0,0,0
2004,TKM,TKM,10,0,0,0,0
2008,TKM,TKM,10,0,0,0,0
2012,TKM,TKM,10,0,0,0,0
2016,TKM,TKM,9,0,0,0,0
2004,TLS,TLS,2,0,0,0,0
2008,TLS,TLS,1,0,0,0,0
2012,TLS,TLS,2,0,0,0,0
2016,TLS,TLS,3,0,0,0,0
1984,TOG,TGO,6,0,0,0,0
1988,TOG,TGO,6,0,0,0,0
1992,TOG,TGO,6,0,0,0,0
1996,TOG,TGO,4,0,0,0,0
2000,TOG,TGO,3,0,0,0,0
2004,TOG,TGO,3,0,0,0,0
2008,TOG,TGO,4,0,0,1,1
2012,TOG,TGO,6,0,0,0,0
2016,TOG,TGO,5,0,0,0,0
1984,TPE,TWN,51,0,0,1,1
1988,TPE,TWN,104,0,0,0,0
1992,TPE,TWN,17,0,1,0,1
1996,TPE,TWN,74,0,1,0,1
2000,TPE,TWN,68,0,1,4,5
2004,TPE,TWN,59,2,2,1,5
2008,TPE,TWN,48,0,0,4,4
2012,TPE,TWN,47,0,1,1,2
2016,TPE,TWN,57,1,0,2,3
1976,TTO,TTO,14,1,0,0,1
1980,TTO,TTO,9,0,0,0,0
1984,TTO,TTO,17,0,0,0,0
1988,TTO,TTO,10,0,0,0,0
1992,TTO,TTO,10,0,0,0,0
1996,TTO,TTO,16,0,0,2,2
2000,TTO,TTO,22,0,1,1,2
2004,TTO,TTO,20,0,0,1,1
2008,TTO,TTO,25,1,1,0,2
2012,TTO,TTO,29,1,1,2,4
2016,TTO,TTO,34,0,0,1,1
1976,TUN,TUN,5,0,0,0,0
1984,TUN,TUN,17,0,0,0,0
1988,TUN,TUN,15,0,0,0,0
1992,TUN,TUN,14,0,0,0,0
1996,TUN,TUN,25,0,0,1,1
2000,TUN,TUN,34,0,0,0,0
2004,TUN,TUN,38,0,0,0,0
2008,TUN,TUN,29,1,0,0,1
2012,TUN,TUN,51,1,1,1,3
2016,TUN,TUN,48,0,0,3,3
1976,TUR,TUR,28,0,0,0,0
1984,TUR,TUR,55,0,0,3,3
1988,TUR,TUR,47,1,1,0,2
1992,TUR,TUR,50,2,2,2,6
1996,TUR,TUR,58,4,1,1,6
2000,TUR,TUR,63,3,0,2,5
2004,TUR,TUR,71,3,3,5,11
2008,TUR,TUR,70,1,3,3,7
2012,TUR,TUR,93,2,2,1,5
2016,TUR,TUR,104,1,3,4,8
2008,TUV,TUV,3,0,0,0,0
2012,TUV,TUV,3,0,0,0,0
2016,TUV,TUV,1,0,0,0,0
1984,UAE,ARE,8,0,0,0,0
1988,UAE,ARE,24,0,0,0,0
1992,UAE,ARE,24,0,0,0,0
1996,UAE,ARE,4,0,0,0,0
2000,UAE,ARE,5,0,0,0,0
2004,UAE,ARE,5,1,0,0,1
2008,UAE,ARE,9,0,0,0,0
2012,UAE,ARE,9,0,0,0,0
2016,UAE,ARE,12,0,0,1,1
1980,UGA,UGA,13,0,1,0,1
1984,UGA,UGA,27,0,0,0,0
1988,UGA,UGA,24,0,0,0,0
1992,UGA,UGA,9,0,0,0,0
1996,UGA,UGA,11,0,0,1,1
2000,UGA,UGA,13,0,0,0,0
2004,UGA,UGA,11,0,0,0,0
2008,UGA,UGA,11,0,0,0,0
2012,UGA,UGA,16,1,0,0,1
2016,UGA,UGA,23,0,0,0,0
1996,UKR,UKR,257,9,2,12,23
2000,UKR,UKR,296,3,10,10,23
2004,UKR,UKR,273,8,6,9,23
2008,UKR,UKR,272,7,5,15,27
2012,UKR,UKR,252,6,5,9,20
2016,UKR,UKR,220,2,5,4,11
1976,URS,SUN,359,49,41,35,125
1980,URS,SUN,401,80,69,46,195
1988,URS,SUN,397,55,31,46,132
1976,URU,URY,12,0,0,0,0
1984,URU,URY,11,0,0,0,0
1988,URU,URY,15,0,0,0,0
1992,URU,URY,16,0,0,0,0
1996,URU,URY,15,0,0,0,0
2000,URU,URY,17,0,1,0,1
2004,URU,URY,16,0,0,0,0
2008,URU,URY,12,0,0,0,0
2012,URU,URY,11,0,0,0,0
2016,URU,URY,16,0,0,0,0
1976,USA,USA,391,34,35,25,94
1984,USA,USA,424,83,61,30,174
1988,USA,USA,452,36,31,27,94
1992,USA,USA,479,37,34,37,108
1996,USA,USA,501,44,32,25,101
2000,USA,USA,483,37,24,33,94
2004,USA,USA,471,36,39,26,101
2008,USA,USA,466,36,39,35,110
2012,USA,USA,444,46,28,29,103
2016,USA,USA,450,46,37,38,121
1996,UZB,UZB,78,0,1,1,2
2000,UZB,UZB,73,1,1,2,4
2004,UZB,UZB,73,2,1,2,5
2008,UZB,UZB,69,1,2,3,6
2012,UZB,UZB,56,1,0,2,3
2016,UZB,UZB,75,4,2,7,13
1988,VAN,VUT,6,0,0,0,0
1992,VAN,VUT,8,0,0,0,0
1996,VAN,VUT,4,0,0,0,0
2000,VAN,VUT,3,0,0,0,0
2004,VAN,VUT,2,0,0,0,0
2008,VAN,VUT,3,0,0,0,0
2012,VAN,VUT,5,0,0,0,0
2016,VAN,VUT,4,0,0,0,0
1976,VEN,VEN,41,0,1,0,1
1980,VEN,VEN,25,0,1,0,1
1984,VEN,VEN,34,0,0,3,3
1988,VEN,VEN,17,0,0,0,0
1992,VEN,VEN,18,0,0,0,0
1996,VEN,VEN,44,0,0,0,0
2000,VEN,VEN,55,0,0,0,0
2004,VEN,VEN,52,0,0,2,2
2008,VEN,VEN,88,0,0,1,1
2012,VEN,VEN,74,1,0,0,1
2016,VEN,VEN,85,0,1,2,3
1980,VIE,VNM,35,0,0,0,0
1988,VIE,VNM,12,0,0,0,0
1992,VIE,VNM,10,0,0,0,0
1996,VIE,VNM,6,0,0,0,0
2000,VIE,VNM,7,0,1,0,1
2004,VIE,VNM,10,0,0,0,0
2008,VIE,VNM,18,0,1,0,1
2012,VIE,VNM,23,0,0,0,0
2016,VIE,VNM,27,1,1,0,2
1988,VIN,VCT,6,0,0,0,0
1992,VIN,VCT,5,0,0,0,0
1996,VIN,VCT,6,0,0,0,0
2000,VIN,VCT,4,0,0,0,0
2004,VIN,VCT,3,0,0,0,0
2008,VIN,VCT,2,0,0,0,0
2012,VIN,VCT,3,0,0,0,0
2016,VIN,VCT,4,0,0,0,0
1984,YAR,YEM,3,0,0,0,0
1988,YAR,YEM,8,0,0,0,0
1992,YEM,YEM,8,0,0,0,0
1996,YEM,YEM,4,0,0,0,0
2000,YEM,YEM,2,0,0,0,0
2004,YEM,YEM,3,0,0,0,0
2008,YEM,YEM,8,0,0,0,0
2012,YEM,YEM,4,0,0,0,0
2016,YEM,YEM,3,0,0,0,0
1988,YMD,YMD,5,0,0,0,0
1976,YUG,YUG,57,2,3,3,8
1976,YUG,YUG,57,2,3,3,8
1980,YUG,YUG,77,2,3,4,9
1980,YUG,YUG,77,2,3,4,9
1984,YUG,YUG,67,7,4,7,18
1984,YUG,YUG,67,7,4,7,18
1988,YUG,YUG,88,3,4,5,12
1988,YUG,YUG,88,3,4,5,12
1980,ZAM,ZMB,27,0,0,0,0
1984,ZAM,ZMB,18,0,0,1,1
1988,ZAM,ZMB,13,0,0,0,0
1992,ZAM,ZMB,11,0,0,0,0
1996,ZAM,ZMB,8,0,1,0,1
2000,ZAM,ZMB,8,0,0,0,0
2004,ZAM,ZMB,6,0,0,0,0
2008,ZAM,ZMB,8,0,0,0,0
2012,ZAM,ZMB,7,0,0,0,0
2016,ZAM,ZMB,7,0,0,0,0
1980,ZIM,ZWE,37,1,0,0,1
1984,ZIM,ZWE,20,0,0,0,0
1988,ZIM,ZWE,44,0,0,0,0
1992,ZIM,ZWE,26,0,0,0,0
1996,ZIM,ZWE,17,0,0,0,0
2000,ZIM,ZWE,22,0,0,0,0
2004,ZIM,ZWE,13,1,1,1,3
2008,ZIM,ZWE,16,1,3,0,4
2012,ZIM,ZWE,9,0,0,0,0
2016,ZIM,ZWE,15,0,0,0,0
